2022,A,N,Aluno9026,matematica,4.07
2016,A,N,Aluno626,portugues,6.00
2012,A,N,Aluno3375,portugues,8.24
2013,A,N,Aluno3906,portugues,7.28
2018,A,N,Aluno8952,matematica,6.24
2023,A,N,Aluno1821,geografia,6.16
2018,A,N,Aluno7415,portugues,7.21
2013,A,N,Aluno5357,geografia,3.00
2020,A,N,Aluno3191,matematica,7.61
2021,A,N,Aluno1295,geografia,8.34
2015,A,N,Aluno4216,portugues,8.83
2022,A,N,Aluno8515,portugues,0.51
2011,A,N,Aluno7162,geografia,8.85
2021,A,N,Aluno772,portugues,5.92
2015,A,N,Aluno2012,matematica,5.11
2012,A,N,Aluno6277,matematica,2.01
2016,A,N,Aluno9898,portugues,5.27
2016,A,N,Aluno6309,geografia,5.75
2013,A,N,Aluno3719,matematica,2.68
2021,A,N,Aluno6232,portugues,1.14
2013,A,N,Aluno1859,matematica,1.52
2016,A,N,Aluno5259,geografia,0.84
2011,A,N,Aluno4390,geografia,4.32
2015,A,N,Aluno2594,matematica,5.64
2022,A,N,Aluno2054,matematica,4.05
2013,A,N,Aluno2002,matematica,0.52
2016,A,N,Aluno6865,portugues,9.73
2015,A,N,Aluno8335,geografia,6.38
2019,A,N,Aluno8251,geografia,4.73
2010,A,N,Aluno1817,geografia,3.35
2019,A,N,Aluno1580,geografia,7.91
2018,A,N,Aluno3578,geografia,4.83
2014,A,N,Aluno9487,geografia,9.13
2020,A,N,Aluno721,portugues,3.66
2014,A,N,Aluno1236,geografia,8.12
2010,A,N,Aluno8236,portugues,5.56
2015,A,N,Aluno1455,geografia,1.02
2018,A,N,Aluno2464,portugues,3.68
2019,A,N,Aluno7962,geografia,2.95
2022,A,N,Aluno2421,matematica,5.98
2016,A,N,Aluno3352,portugues,8.56
2011,A,N,Aluno8516,matematica,8.37
2023,A,N,Aluno7539,portugues,6.85
2022,A,N,Aluno3982,geografia,5.00
2017,A,N,Aluno5206,matematica,1.13
2014,A,N,Aluno4800,matematica,5.93
2018,A,N,Aluno9951,matematica,8.45
2020,A,N,Aluno6581,geografia,1.15
2023,A,N,Aluno4404,matematica,8.64
2016,A,N,Aluno2754,geografia,1.93
2021,A,N,Aluno1528,matematica,7.39
2022,A,N,Aluno1906,matematica,7.86
2016,A,N,Aluno2354,matematica,2.44
2014,A,N,Aluno3254,matematica,1.19
2014,A,N,Aluno8193,portugues,1.75
2015,A,N,Aluno1102,matematica,7.20
2010,A,N,Aluno8355,matematica,7.94
2023,A,N,Aluno4252,geografia,2.05
2014,A,N,Aluno3914,portugues,0.83
2019,A,N,Aluno3917,portugues,3.71
2013,A,N,Aluno952,geografia,9.01
2023,A,N,Aluno5975,matematica,1.68
2010,A,N,Aluno2967,geografia,5.64
2017,A,N,Aluno3667,portugues,7.56
2016,A,N,Aluno5887,portugues,3.46
2023,A,N,Aluno2622,portugues,7.87
2022,A,N,Aluno3765,geografia,3.84
2014,A,N,Aluno4858,geografia,7.03
2014,A,N,Aluno1119,geografia,6.55
2020,A,N,Aluno8831,portugues,9.94
2011,A,N,Aluno7590,matematica,0.02
2023,A,N,Aluno1026,portugues,6.91
2013,A,N,Aluno3318,portugues,8.62
2012,A,N,Aluno2703,matematica,2.47
2021,A,N,Aluno4648,matematica,7.64
2012,A,N,Aluno941,portugues,7.65
2014,A,N,Aluno9947,geografia,5.75
2013,A,N,Aluno6284,matematica,3.04
2016,A,N,Aluno1440,geografia,2.05
2011,A,N,Aluno1762,geografia,6.78
2012,A,N,Aluno6580,geografia,2.19
2020,A,N,Aluno2926,geografia,6.06
2010,A,N,Aluno9147,matematica,9.67
2020,A,N,Aluno2473,portugues,2.41
2013,A,N,Aluno1251,portugues,6.02
2021,A,N,Aluno9833,matematica,8.01
2020,A,N,Aluno5392,portugues,4.81
2015,A,N,Aluno360,portugues,6.52
2016,A,N,Aluno6723,portugues,3.59
2015,A,N,Aluno8513,matematica,5.98
2022,A,N,Aluno5402,matematica,9.21
2019,A,N,Aluno7517,geografia,0.79
2018,A,N,Aluno6608,portugues,8.43
2013,A,N,Aluno7738,portugues,8.74
2013,A,N,Aluno3311,geografia,0.78
2019,A,N,Aluno9042,matematica,3.91
2023,A,N,Aluno4833,matematica,1.01
2012,A,N,Aluno5038,geografia,3.75
2012,A,N,Aluno1407,portugues,2.22
2014,A,N,Aluno4059,matematica,0.10
2019,A,N,Aluno4572,geografia,7.96
2021,A,N,Aluno767,geografia,3.67
2016,A,N,Aluno7096,matematica,7.04
2012,A,N,Aluno9,matematica,7.52
2019,A,N,Aluno1422,matematica,7.15
2014,A,N,Aluno4420,matematica,6.10
2013,A,N,Aluno9710,matematica,3.77
2015,A,N,Aluno996,geografia,2.76
2012,A,N,Aluno1850,matematica,6.81
2023,A,N,Aluno3537,matematica,8.90
2015,A,N,Aluno9865,geografia,3.09
2011,A,N,Aluno6327,portugues,4.46
2014,A,N,Aluno4105,portugues,0.95
2012,A,N,Aluno215,geografia,2.83
2014,A,N,Aluno9847,geografia,4.78
2021,A,N,Aluno9662,portugues,7.84
2010,A,N,Aluno493,geografia,0.29
2014,A,N,Aluno4780,portugues,3.40
2014,A,N,Aluno9734,matematica,6.79
2020,A,N,Aluno8223,geografia,7.36
2022,A,N,Aluno258,geografia,0.90
2016,A,N,Aluno9005,geografia,1.74
2012,A,N,Aluno1481,matematica,7.45
2016,A,N,Aluno339,portugues,3.69
2014,A,N,Aluno4862,matematica,8.04
2022,A,N,Aluno3019,portugues,5.18
2021,A,N,Aluno1777,geografia,0.29
2012,A,N,Aluno2512,matematica,1.25
2011,A,N,Aluno4170,matematica,1.46
2021,A,N,Aluno8263,geografia,2.07
2019,A,N,Aluno3148,matematica,7.01
2014,A,N,Aluno2294,geografia,6.12
2010,A,N,Aluno3035,geografia,9.84
2010,A,N,Aluno2229,matematica,6.11
2022,A,N,Aluno7065,matematica,8.52
2015,A,N,Aluno1067,geografia,6.28
2023,A,N,Aluno5743,matematica,1.35
2019,A,N,Aluno998,portugues,4.00
2017,A,N,Aluno2980,geografia,4.43
2012,A,N,Aluno7242,matematica,2.49
2012,A,N,Aluno4658,matematica,4.22
2013,A,N,Aluno3837,portugues,3.82
2010,A,N,Aluno876,geografia,4.52
2023,A,N,Aluno1109,matematica,0.82
2018,A,N,Aluno6534,geografia,1.81
2012,A,N,Aluno6849,matematica,0.11
2023,A,N,Aluno4660,portugues,6.26
2021,A,N,Aluno8438,geografia,4.91
2022,A,N,Aluno3932,matematica,0.11
2018,A,N,Aluno5414,matematica,2.75
2010,A,N,Aluno2947,portugues,6.98
2012,A,N,Aluno2797,portugues,2.38
2011,A,N,Aluno1821,geografia,6.07
2018,A,N,Aluno1787,portugues,4.07
2012,A,N,Aluno5025,portugues,5.34
2015,A,N,Aluno5601,matematica,5.61
2022,A,N,Aluno7157,geografia,8.57
2017,A,N,Aluno1886,portugues,5.02
2015,A,N,Aluno5945,geografia,4.27
2012,A,N,Aluno6027,geografia,3.26
2013,A,N,Aluno9677,geografia,5.31
2015,A,N,Aluno6999,portugues,7.65
2017,A,N,Aluno5790,matematica,2.03
2015,A,N,Aluno3964,portugues,8.93
2019,A,N,Aluno6704,matematica,1.47
2010,A,N,Aluno5022,matematica,8.91
2021,A,N,Aluno5873,geografia,4.05
2016,A,N,Aluno2926,matematica,8.05
2023,A,N,Aluno8942,geografia,1.51
2016,A,N,Aluno3864,geografia,8.37
2012,A,N,Aluno1765,geografia,1.22
2015,A,N,Aluno7264,matematica,8.05
2012,A,N,Aluno3720,geografia,4.39
2012,A,N,Aluno2970,matematica,3.86
2023,A,N,Aluno1815,geografia,2.82
2017,A,N,Aluno9776,matematica,7.00
2011,A,N,Aluno5690,geografia,4.02
2020,A,N,Aluno562,geografia,9.41
2014,A,N,Aluno547,geografia,5.25
2011,A,N,Aluno2097,portugues,2.20
2019,A,N,Aluno6268,matematica,4.91
2023,A,N,Aluno7489,geografia,3.36
2022,A,N,Aluno9912,geografia,2.71
2012,A,N,Aluno5544,geografia,3.78
2014,A,N,Aluno6323,geografia,8.25
2019,A,N,Aluno2864,matematica,5.74
2020,A,N,Aluno1067,matematica,3.77
2018,A,N,Aluno6643,geografia,7.52
2012,A,N,Aluno8158,portugues,5.95
2014,A,N,Aluno1331,portugues,8.82
2011,A,N,Aluno6228,portugues,9.78
2012,A,N,Aluno6612,portugues,3.84
2013,A,N,Aluno9576,geografia,5.35
2022,A,N,Aluno8257,geografia,4.51
2010,A,N,Aluno3473,portugues,7.11
2014,A,N,Aluno1839,matematica,3.47
2022,A,N,Aluno5829,portugues,9.24
2014,A,N,Aluno3525,geografia,6.12
2013,A,N,Aluno3116,matematica,6.78
2012,A,N,Aluno3139,geografia,0.28
2019,A,N,Aluno5495,portugues,2.38
2012,A,N,Aluno8686,geografia,0.48
2011,A,N,Aluno7140,portugues,5.16
2022,A,N,Aluno556,geografia,6.22
2011,A,N,Aluno2243,geografia,7.52
2014,A,N,Aluno6038,portugues,1.02
2023,A,N,Aluno9398,matematica,3.93
2017,A,N,Aluno5098,portugues,9.84
2015,A,N,Aluno4847,matematica,3.57
2019,A,N,Aluno3177,portugues,5.35
2012,A,N,Aluno2859,portugues,3.71
2021,A,N,Aluno1383,matematica,3.15
2021,A,N,Aluno7364,portugues,3.99
2016,A,N,Aluno3409,portugues,2.00
2011,A,N,Aluno8187,geografia,2.87
2013,A,N,Aluno156,geografia,2.34
2023,A,N,Aluno4526,matematica,6.52
2022,A,N,Aluno2813,geografia,8.35
2016,A,N,Aluno9363,matematica,5.49
2019,A,N,Aluno2764,matematica,8.76
2022,A,N,Aluno3995,portugues,6.26
2012,A,N,Aluno4910,matematica,7.48
2016,A,N,Aluno8345,matematica,1.79
2013,A,N,Aluno2377,portugues,4.30
2014,A,N,Aluno5653,portugues,2.06
2020,A,N,Aluno3436,matematica,1.62
2019,A,N,Aluno3470,geografia,6.65
2018,A,N,Aluno226,geografia,1.81
2012,A,N,Aluno5210,portugues,8.68
2014,A,N,Aluno4092,geografia,6.49
2013,A,N,Aluno7266,geografia,4.87
2011,A,N,Aluno7032,matematica,7.58
2021,A,N,Aluno4594,portugues,2.47
2020,A,N,Aluno953,matematica,7.80
2017,A,N,Aluno2980,matematica,6.94
2015,A,N,Aluno6761,matematica,2.00
2023,A,N,Aluno2320,portugues,3.94
2014,A,N,Aluno4413,portugues,3.69
2021,A,N,Aluno8432,geografia,2.94
2018,A,N,Aluno2343,geografia,3.58
2023,A,N,Aluno9842,geografia,0.41
2023,A,N,Aluno2704,portugues,2.71
2018,A,N,Aluno990,portugues,8.29
2017,A,N,Aluno5600,geografia,0.54
2016,A,N,Aluno6192,geografia,8.36
2019,A,N,Aluno3348,matematica,1.18
2012,A,N,Aluno139,matematica,4.72
2016,A,N,Aluno2294,geografia,6.04
2010,A,N,Aluno2807,portugues,5.03
2017,A,N,Aluno3705,portugues,5.84
2012,A,N,Aluno379,matematica,9.84
2019,A,N,Aluno1815,geografia,0.98
2021,A,N,Aluno3856,geografia,3.20
2016,A,N,Aluno1286,matematica,3.36
2021,A,N,Aluno8970,matematica,0.33
2020,A,N,Aluno2437,geografia,7.97
2022,A,N,Aluno4882,matematica,5.23
2020,A,N,Aluno3540,matematica,4.81
2023,A,N,Aluno1094,portugues,3.87
2015,A,N,Aluno8717,geografia,4.99
2015,A,N,Aluno1902,portugues,9.64
2021,A,N,Aluno8540,portugues,7.60
2020,A,N,Aluno2157,matematica,4.21
2011,A,N,Aluno3609,matematica,8.20
2023,A,N,Aluno6620,geografia,4.62
2020,A,N,Aluno4306,portugues,3.98
2022,A,N,Aluno4207,geografia,9.30
2016,A,N,Aluno4945,portugues,9.00
2016,A,N,Aluno6868,geografia,2.49
2014,A,N,Aluno4853,geografia,6.09
2010,A,N,Aluno2229,portugues,0.18
2010,A,N,Aluno4684,portugues,9.45
2013,A,N,Aluno152,portugues,3.52
2018,A,N,Aluno9885,geografia,5.99
2022,A,N,Aluno7636,matematica,6.68
2020,A,N,Aluno5506,matematica,4.95
2016,A,N,Aluno2254,geografia,7.08
2023,A,N,Aluno9526,matematica,8.66
2020,A,N,Aluno6858,portugues,7.84
2017,A,N,Aluno2576,geografia,3.58
2020,A,N,Aluno4150,geografia,5.31
2015,A,N,Aluno1619,matematica,2.41
2023,A,N,Aluno3323,portugues,7.99
2019,A,N,Aluno5770,geografia,8.21
2020,A,N,Aluno8846,geografia,5.03
2023,A,N,Aluno4152,portugues,3.41
2015,A,N,Aluno379,portugues,7.89
2021,A,N,Aluno6816,matematica,8.76
2018,A,N,Aluno1475,geografia,4.74
2012,A,N,Aluno8025,portugues,3.08
2011,A,N,Aluno31,portugues,8.13
2019,A,N,Aluno9919,matematica,0.09
2011,A,N,Aluno3889,geografia,2.27
2020,A,N,Aluno9965,matematica,2.05
2010,A,N,Aluno5807,geografia,1.09
2011,A,N,Aluno1473,matematica,5.39
2020,A,N,Aluno6317,portugues,3.10
2010,A,N,Aluno9830,geografia,1.28
2021,A,N,Aluno3396,portugues,4.53
2021,A,N,Aluno772,geografia,5.65
2020,A,N,Aluno2909,geografia,7.50
2016,A,N,Aluno4599,portugues,9.89
2016,A,N,Aluno7828,geografia,6.03
2013,A,N,Aluno2670,geografia,0.86
2015,A,N,Aluno2376,matematica,4.08
2010,A,N,Aluno3853,matematica,2.36
2016,A,N,Aluno5707,geografia,8.67
2023,A,N,Aluno4387,portugues,7.93
2012,A,N,Aluno9978,portugues,9.80
2021,A,N,Aluno66,geografia,6.36
2016,A,N,Aluno9779,portugues,5.37
2021,A,N,Aluno1798,portugues,6.28
2016,A,N,Aluno4905,portugues,4.19
2013,A,N,Aluno5546,matematica,7.74
2011,A,N,Aluno6994,geografia,1.04
2021,A,N,Aluno7333,matematica,6.23
2015,A,N,Aluno7184,matematica,8.80
2022,A,N,Aluno5755,matematica,3.84
2022,A,N,Aluno2995,geografia,7.89
2011,A,N,Aluno8953,geografia,6.72
2013,A,N,Aluno3241,matematica,5.99
2013,A,N,Aluno1906,matematica,0.76
2016,A,N,Aluno609,matematica,5.90
2012,A,N,Aluno7464,geografia,3.85
2018,A,N,Aluno2269,geografia,4.52
2015,A,N,Aluno3068,portugues,0.24
2015,A,N,Aluno200,portugues,6.72
2016,A,N,Aluno6370,matematica,8.67
2013,A,N,Aluno9634,portugues,7.08
2023,A,N,Aluno3314,geografia,2.74
2015,A,N,Aluno678,geografia,9.42
2012,A,N,Aluno4145,geografia,5.54
2023,A,N,Aluno6965,portugues,2.76
2011,A,N,Aluno9846,matematica,9.08
2020,A,N,Aluno4006,geografia,9.02
2013,A,N,Aluno3945,geografia,0.24
2023,A,N,Aluno2308,portugues,5.38
2012,A,N,Aluno4939,geografia,9.27
2019,A,N,Aluno7101,portugues,5.18
2014,A,N,Aluno3939,portugues,6.41
2014,A,N,Aluno5705,geografia,1.59
2011,A,N,Aluno917,matematica,5.17
2013,A,N,Aluno7508,portugues,6.72
2023,A,N,Aluno531,matematica,9.27
2020,A,N,Aluno9084,matematica,4.96
2010,A,N,Aluno9235,matematica,4.23
2018,A,N,Aluno7532,matematica,7.04
2010,A,N,Aluno7120,portugues,2.74
2013,A,N,Aluno1810,matematica,0.06
2013,A,N,Aluno1165,portugues,8.10
2016,A,N,Aluno9588,matematica,7.17
2019,A,N,Aluno7296,portugues,5.51
2022,A,N,Aluno5186,matematica,5.52
2017,A,N,Aluno7542,matematica,3.40
2019,A,N,Aluno4263,portugues,2.48
2014,A,N,Aluno1697,portugues,0.17
2013,A,N,Aluno3998,portugues,1.31
2011,A,N,Aluno8320,matematica,6.03
2022,A,N,Aluno5892,portugues,6.17
2022,A,N,Aluno2645,matematica,2.11
2017,A,N,Aluno6873,matematica,4.61
2015,A,N,Aluno8131,geografia,4.44
2022,A,N,Aluno3112,matematica,5.83
2023,A,N,Aluno6721,matematica,8.83
2023,A,N,Aluno2334,geografia,6.25
2014,A,N,Aluno3844,matematica,6.59
2016,A,N,Aluno7205,portugues,9.84
2010,A,N,Aluno4744,geografia,5.86
2013,A,N,Aluno4226,portugues,3.40
2017,A,N,Aluno1058,portugues,3.51
2012,A,N,Aluno3321,geografia,9.24
2018,A,N,Aluno3686,portugues,8.60
2016,A,N,Aluno6312,portugues,3.30
2018,A,N,Aluno3531,matematica,1.59
2022,A,N,Aluno5345,geografia,7.73
2018,A,N,Aluno6126,geografia,3.66
2022,A,N,Aluno5372,matematica,9.91
2014,A,N,Aluno5024,matematica,9.45
2011,A,N,Aluno2215,portugues,6.57
2013,A,N,Aluno396,geografia,9.69
2022,A,N,Aluno6607,matematica,2.78
2023,A,N,Aluno999,matematica,9.76
2012,A,N,Aluno9447,matematica,2.60
2013,A,N,Aluno3251,matematica,2.13
2019,A,N,Aluno7642,portugues,7.69
2020,A,N,Aluno5968,portugues,7.88
2015,A,N,Aluno8753,portugues,6.33
2021,A,N,Aluno6658,geografia,7.60
2010,A,N,Aluno9064,matematica,6.77
2023,A,N,Aluno5703,portugues,7.41
2014,A,N,Aluno6559,geografia,9.73
2020,A,N,Aluno2744,geografia,0.26
2013,A,N,Aluno2453,matematica,7.81
2015,A,N,Aluno3605,portugues,7.60
2020,A,N,Aluno7927,geografia,3.54
2012,A,N,Aluno4807,matematica,9.38
2023,A,N,Aluno9957,geografia,0.85
2022,A,N,Aluno1,portugues,6.81
2022,A,N,Aluno7649,geografia,1.83
2014,A,N,Aluno2647,geografia,4.11
2016,A,N,Aluno52,portugues,1.67
2013,A,N,Aluno2363,matematica,6.06
2019,A,N,Aluno5280,portugues,7.50
2023,A,N,Aluno2054,portugues,2.12
2012,A,N,Aluno8450,matematica,8.51
2023,A,N,Aluno8109,matematica,2.42
2022,A,N,Aluno8129,geografia,4.02
2014,A,N,Aluno1596,portugues,2.56
2022,A,N,Aluno7936,portugues,1.51
2019,A,N,Aluno342,geografia,5.41
2022,A,N,Aluno6956,portugues,9.85
2018,A,N,Aluno6308,geografia,0.16
2010,A,N,Aluno7435,portugues,8.51
2016,A,N,Aluno2586,portugues,5.66
2011,A,N,Aluno1365,matematica,6.13
2019,A,N,Aluno5204,portugues,7.87
2020,A,N,Aluno7583,matematica,5.52
2013,A,N,Aluno2997,portugues,3.13
2017,A,N,Aluno7610,portugues,2.02
2010,A,N,Aluno9743,matematica,6.42
2014,A,N,Aluno441,portugues,6.06
2019,A,N,Aluno4573,matematica,0.70
2012,A,N,Aluno5943,geografia,2.52
2012,A,N,Aluno714,matematica,7.06
2017,A,N,Aluno1536,geografia,4.87
2023,A,N,Aluno9871,matematica,0.83
2013,A,N,Aluno7141,geografia,0.97
2016,A,N,Aluno4251,portugues,5.82
2022,A,N,Aluno9131,portugues,0.71
2016,A,N,Aluno8920,portugues,9.20
2014,A,N,Aluno2103,geografia,4.20
2021,A,N,Aluno2866,geografia,2.20
2010,A,N,Aluno6141,portugues,8.60
2010,A,N,Aluno5220,portugues,4.72
2017,A,N,Aluno6742,portugues,1.96
2012,A,N,Aluno5785,matematica,3.19
2012,A,N,Aluno1851,portugues,3.59
2022,A,N,Aluno275,geografia,8.28
2010,A,N,Aluno1269,portugues,7.32
2019,A,N,Aluno60,portugues,8.52
2023,A,N,Aluno4463,portugues,4.96
2022,A,N,Aluno4413,geografia,7.68
2021,A,N,Aluno8711,portugues,6.15
2012,A,N,Aluno6358,portugues,3.87
2020,A,N,Aluno3002,portugues,0.37
2011,A,N,Aluno4409,geografia,2.11
2020,A,N,Aluno7082,portugues,1.40
2022,A,N,Aluno4329,geografia,2.47
2013,A,N,Aluno286,geografia,7.17
2017,A,N,Aluno3024,matematica,2.44
2011,A,N,Aluno6277,geografia,0.93
2020,A,N,Aluno3952,matematica,8.99
2014,A,N,Aluno1789,matematica,9.72
2014,A,N,Aluno7966,portugues,7.26
2010,A,N,Aluno3907,portugues,4.03
2016,A,N,Aluno5447,geografia,5.73
2023,A,N,Aluno2852,geografia,9.22
2010,A,N,Aluno3197,portugues,3.50
2012,A,N,Aluno1458,geografia,4.13
2022,A,N,Aluno3949,matematica,9.35
2010,A,N,Aluno2656,portugues,3.96
2010,A,N,Aluno9299,matematica,9.64
2016,A,N,Aluno4557,geografia,2.34
2012,A,N,Aluno1507,geografia,4.09
2021,A,N,Aluno1147,portugues,5.13
2010,A,N,Aluno2328,portugues,0.94
2010,A,N,Aluno2504,geografia,3.41
2012,A,N,Aluno6053,portugues,3.75
2022,A,N,Aluno8621,geografia,1.16
2019,A,N,Aluno9701,matematica,4.87
2023,A,N,Aluno7328,matematica,7.29
2015,A,N,Aluno2803,matematica,8.72
2018,A,N,Aluno8746,geografia,4.94
2020,A,N,Aluno9389,matematica,4.91
2017,A,N,Aluno8857,matematica,7.83
2015,A,N,Aluno3731,matematica,9.80
2013,A,N,Aluno9133,portugues,5.64
2020,A,N,Aluno8772,portugues,7.05
2012,A,N,Aluno6676,portugues,0.86
2013,A,N,Aluno6286,portugues,9.21
2010,A,N,Aluno6969,geografia,0.10
2010,A,N,Aluno8299,portugues,1.47
2019,A,N,Aluno3138,portugues,0.11
2019,A,N,Aluno1603,portugues,7.34
2020,A,N,Aluno3106,matematica,8.38
2019,A,N,Aluno3602,geografia,8.89
2012,A,N,Aluno2597,geografia,4.17
2013,A,N,Aluno102,matematica,5.92
2010,A,N,Aluno9373,matematica,8.70
2016,A,N,Aluno1807,portugues,8.55
2019,A,N,Aluno42,geografia,8.78
2023,A,N,Aluno7994,geografia,0.49
2021,A,N,Aluno3237,geografia,2.11
2023,A,N,Aluno4489,geografia,3.76
2011,A,N,Aluno9283,portugues,9.58
2019,A,N,Aluno7228,portugues,2.87
2015,A,N,Aluno3429,matematica,6.41
2014,A,N,Aluno6034,matematica,6.91
2012,A,N,Aluno1409,matematica,1.54
2013,A,N,Aluno2089,matematica,1.65
2018,A,N,Aluno9225,geografia,3.47
2022,A,N,Aluno6204,portugues,9.29
2013,A,N,Aluno3326,geografia,5.60
2014,A,N,Aluno178,geografia,5.30
2020,A,N,Aluno2034,matematica,8.42
2022,A,N,Aluno2293,matematica,2.99
2012,A,N,Aluno78,portugues,2.46
2023,A,N,Aluno6435,matematica,3.72
2010,A,N,Aluno1559,portugues,2.68
2017,A,N,Aluno9759,matematica,8.15
2019,A,N,Aluno7764,portugues,6.03
2010,A,N,Aluno3916,portugues,1.08
2022,A,N,Aluno337,matematica,4.06
2013,A,N,Aluno8477,portugues,9.96
2013,A,N,Aluno1791,geografia,8.68
2010,A,N,Aluno3866,geografia,5.60
2015,A,N,Aluno9635,portugues,7.06
2012,A,N,Aluno1548,portugues,3.58
2018,A,N,Aluno9024,matematica,6.28
2019,A,N,Aluno1378,portugues,3.47
2023,A,N,Aluno8256,matematica,3.66
2023,A,N,Aluno130,portugues,7.56
2023,A,N,Aluno4583,portugues,4.29
2021,A,N,Aluno9634,portugues,7.01
2013,A,N,Aluno9054,portugues,2.24
2012,A,N,Aluno668,portugues,9.48
2011,A,N,Aluno4428,geografia,9.46
2020,A,N,Aluno5031,matematica,0.35
2012,A,N,Aluno2548,matematica,1.69
2014,A,N,Aluno4308,portugues,1.19
2020,A,N,Aluno9432,matematica,6.28
2020,A,N,Aluno541,geografia,2.35
2017,A,N,Aluno1798,portugues,1.93
2019,A,N,Aluno4364,portugues,4.89
2023,A,N,Aluno2690,geografia,2.23
2020,A,N,Aluno9839,geografia,0.29
2017,A,N,Aluno9398,geografia,2.78
2016,A,N,Aluno7157,matematica,7.93
2022,A,N,Aluno9821,geografia,0.83
2012,A,N,Aluno4676,matematica,8.34
2016,A,N,Aluno862,geografia,1.49
2011,A,N,Aluno1083,matematica,4.02
2020,A,N,Aluno8471,matematica,9.14
2021,A,N,Aluno6149,matematica,5.76
2011,A,N,Aluno4353,matematica,9.67
2015,A,N,Aluno7190,portugues,9.35
2014,A,N,Aluno1664,portugues,6.76
2012,A,N,Aluno8565,matematica,4.16
2010,A,N,Aluno1007,portugues,9.30
2014,A,N,Aluno9081,portugues,5.89
2015,A,N,Aluno9054,matematica,0.78
2017,A,N,Aluno4330,matematica,3.83
2022,A,N,Aluno4087,matematica,8.50
2017,A,N,Aluno8080,matematica,9.52
2014,A,N,Aluno7461,matematica,2.22
2017,A,N,Aluno6516,geografia,2.53
2011,A,N,Aluno7822,matematica,3.78
2022,A,N,Aluno3249,geografia,6.83
2013,A,N,Aluno950,geografia,3.11
2015,A,N,Aluno2291,geografia,5.00
2012,A,N,Aluno837,portugues,6.80
2011,A,N,Aluno7864,geografia,4.44
2011,A,N,Aluno2425,geografia,0.78
2013,A,N,Aluno5404,portugues,0.72
2014,A,N,Aluno7733,matematica,9.13
2016,A,N,Aluno3316,portugues,5.00
2018,A,N,Aluno3964,geografia,8.01
2018,A,N,Aluno5274,matematica,6.97
2012,A,N,Aluno9432,portugues,7.01
2012,A,N,Aluno700,matematica,7.24
2015,A,N,Aluno1140,portugues,6.68
2014,A,N,Aluno1598,matematica,6.22
2021,A,N,Aluno17,geografia,6.75
2017,A,N,Aluno9897,geografia,4.94
2011,A,N,Aluno1561,portugues,2.64
2015,A,N,Aluno8772,matematica,0.40
2012,A,N,Aluno1154,geografia,0.33
2012,A,N,Aluno724,geografia,6.16
2012,A,N,Aluno6561,matematica,8.12
2013,A,N,Aluno4634,matematica,3.38
2022,A,N,Aluno6193,portugues,8.22
2014,A,N,Aluno5869,geografia,5.93
2010,A,N,Aluno4493,matematica,6.67
2013,A,N,Aluno4581,matematica,4.54
2022,A,N,Aluno9654,geografia,5.02
2014,A,N,Aluno5909,geografia,0.32
2019,A,N,Aluno8673,matematica,4.95
2014,A,N,Aluno2351,portugues,6.38
2013,A,N,Aluno7686,matematica,3.51
2017,A,N,Aluno587,portugues,2.12
2016,A,N,Aluno2769,matematica,5.93
2018,A,N,Aluno9632,matematica,7.75
2020,A,N,Aluno3953,matematica,3.70
2014,A,N,Aluno1359,geografia,5.81
2015,A,N,Aluno2430,portugues,2.20
2019,A,N,Aluno2845,geografia,7.74
2020,A,N,Aluno6302,portugues,7.92
2015,A,N,Aluno3365,portugues,4.79
2022,A,N,Aluno7492,portugues,4.89
2010,A,N,Aluno3649,matematica,5.04
2020,A,N,Aluno4416,portugues,4.31
2022,A,N,Aluno1500,geografia,7.30
2022,A,N,Aluno874,portugues,0.46
2011,A,N,Aluno5859,portugues,7.52
2021,A,N,Aluno8112,geografia,2.19
2018,A,N,Aluno6932,portugues,8.83
2022,A,N,Aluno8503,matematica,8.98
2018,A,N,Aluno4837,geografia,5.41
2013,A,N,Aluno7552,portugues,1.10
2022,A,N,Aluno8776,matematica,0.71
2016,A,N,Aluno8100,matematica,0.66
2015,A,N,Aluno9141,geografia,7.24
2022,A,N,Aluno9480,geografia,8.95
2012,A,N,Aluno3360,geografia,3.36
2017,A,N,Aluno4610,geografia,2.98
2019,A,N,Aluno3862,portugues,9.61
2010,A,N,Aluno9100,matematica,4.60
2016,A,N,Aluno9032,matematica,8.64
2011,A,N,Aluno553,matematica,3.01
2020,A,N,Aluno5686,geografia,4.67
2023,A,N,Aluno5905,matematica,0.15
2010,A,N,Aluno1897,portugues,0.19
2019,A,N,Aluno1968,portugues,0.75
2015,A,N,Aluno6082,portugues,1.31
2014,A,N,Aluno2848,matematica,7.61
2013,A,N,Aluno9274,portugues,7.22
2021,A,N,Aluno5003,geografia,3.55
2021,A,N,Aluno3544,portugues,4.08
2017,A,N,Aluno8375,matematica,6.26
2022,A,N,Aluno668,portugues,6.15
2022,A,N,Aluno8510,geografia,5.81
2016,A,N,Aluno2795,matematica,0.85
2012,A,N,Aluno4241,geografia,8.51
2020,A,N,Aluno6940,portugues,1.93
2011,A,N,Aluno165,portugues,3.23
2021,A,N,Aluno6504,matematica,6.62
2011,A,N,Aluno3093,portugues,8.81
2021,A,N,Aluno8887,matematica,2.91
2021,A,N,Aluno3719,geografia,0.11
2014,A,N,Aluno7746,portugues,7.44
2017,A,N,Aluno1767,matematica,3.09
2017,A,N,Aluno7038,geografia,4.33
2022,A,N,Aluno9824,portugues,4.09
2020,A,N,Aluno8939,geografia,9.76
2012,A,N,Aluno411,matematica,5.73
2010,A,N,Aluno7344,matematica,1.85
2017,A,N,Aluno7872,matematica,4.50
2010,A,N,Aluno323,portugues,2.04
2018,A,N,Aluno7532,matematica,6.43
2014,A,N,Aluno68,geografia,7.21
2010,A,N,Aluno1897,portugues,4.86
2021,A,N,Aluno4872,geografia,9.63
2019,A,N,Aluno2843,matematica,8.50
2019,A,N,Aluno5318,matematica,2.10
2020,A,N,Aluno9836,geografia,4.55
2021,A,N,Aluno325,matematica,7.56
2023,A,N,Aluno338,geografia,5.98
2014,A,N,Aluno1661,matematica,2.52
2018,A,N,Aluno1354,portugues,6.27
2019,A,N,Aluno6652,matematica,2.06
2015,A,N,Aluno6744,geografia,1.90
2018,A,N,Aluno8186,geografia,6.63
2012,A,N,Aluno1523,geografia,8.44
2014,A,N,Aluno1289,portugues,5.53
2016,A,N,Aluno1588,geografia,1.37
2011,A,N,Aluno3504,matematica,7.80
2019,A,N,Aluno1557,matematica,5.64
2016,A,N,Aluno5636,geografia,8.44
2020,A,N,Aluno449,portugues,6.50
2011,A,N,Aluno3730,matematica,2.38
2013,A,N,Aluno8218,matematica,4.04
2012,A,N,Aluno678,portugues,1.57
2016,A,N,Aluno6110,geografia,1.54
2020,A,N,Aluno912,matematica,4.92
2023,A,N,Aluno3399,portugues,1.35
2010,A,N,Aluno9916,geografia,4.61
2017,A,N,Aluno1181,geografia,5.68
2012,A,N,Aluno17,geografia,9.40
2020,A,N,Aluno2258,geografia,0.62
2018,A,N,Aluno2187,geografia,2.52
2019,A,N,Aluno6514,geografia,9.85
2010,A,N,Aluno9266,matematica,0.06
2014,A,N,Aluno9705,portugues,0.17
2013,A,N,Aluno720,geografia,0.08
2018,A,N,Aluno9793,matematica,5.82
2011,A,N,Aluno1813,portugues,8.68
2023,A,N,Aluno3303,portugues,8.43
2018,A,N,Aluno5487,portugues,5.77
2019,A,N,Aluno9152,portugues,8.60
2022,A,N,Aluno5845,geografia,5.19
2020,A,N,Aluno4363,portugues,9.26
2018,A,N,Aluno6721,geografia,2.63
2020,A,N,Aluno7664,geografia,6.17
2023,A,N,Aluno3483,portugues,1.66
2012,A,N,Aluno4627,geografia,4.02
2014,A,N,Aluno2636,portugues,2.28
2022,A,N,Aluno5877,geografia,4.43
2016,A,N,Aluno8980,geografia,1.47
2017,A,N,Aluno2190,geografia,0.91
2019,A,N,Aluno8418,matematica,1.15
2020,A,N,Aluno1917,geografia,4.10
2017,A,N,Aluno4235,matematica,8.00
2013,A,N,Aluno478,portugues,1.95
2018,A,N,Aluno1345,matematica,2.94
2020,A,N,Aluno4397,matematica,2.99
2017,A,N,Aluno8161,matematica,4.27
2011,A,N,Aluno422,geografia,7.08
2014,A,N,Aluno5970,portugues,0.44
2019,A,N,Aluno8199,geografia,6.37
2014,A,N,Aluno7700,portugues,4.00
2020,A,N,Aluno4404,portugues,3.04
2014,A,N,Aluno3128,geografia,5.41
2018,A,N,Aluno3066,geografia,9.94
2021,A,N,Aluno9895,matematica,2.31
2010,A,N,Aluno7237,matematica,3.33
2019,A,N,Aluno3641,geografia,8.81
2014,A,N,Aluno9970,portugues,0.86
2023,A,N,Aluno4323,portugues,4.76
2023,A,N,Aluno3959,geografia,4.13
2016,A,N,Aluno5098,geografia,6.28
2018,A,N,Aluno7479,matematica,7.47
2019,A,N,Aluno7606,matematica,8.86
2017,A,N,Aluno6276,geografia,7.93
2014,A,N,Aluno2692,portugues,9.94
2011,A,N,Aluno7047,matematica,2.85
2014,A,N,Aluno2422,matematica,7.40
2015,A,N,Aluno1438,portugues,7.46
2012,A,N,Aluno9193,geografia,6.32
2023,A,N,Aluno2657,matematica,9.79
2013,A,N,Aluno9528,portugues,0.20
2022,A,N,Aluno3056,portugues,9.49
2015,A,N,Aluno5820,portugues,1.03
2010,A,N,Aluno3386,matematica,8.27
2014,A,N,Aluno5745,geografia,2.35
2015,A,N,Aluno6080,portugues,6.09
2021,A,N,Aluno2799,matematica,7.26
2016,A,N,Aluno626,portugues,3.87
2010,A,N,Aluno2199,matematica,2.46
2018,A,N,Aluno1149,matematica,3.31
2013,A,N,Aluno9034,geografia,3.88
2020,A,N,Aluno2627,portugues,7.49
2018,A,N,Aluno2876,geografia,6.60
2014,A,N,Aluno5134,matematica,3.31
2019,A,N,Aluno5809,geografia,6.68
2021,A,N,Aluno6635,geografia,1.02
2014,A,N,Aluno7101,geografia,9.86
2016,A,N,Aluno1396,geografia,3.92
2016,A,N,Aluno2624,matematica,8.41
2019,A,N,Aluno893,portugues,5.42
2018,A,N,Aluno555,geografia,2.82
2015,A,N,Aluno2920,matematica,8.57
2011,A,N,Aluno301,portugues,1.07
2018,A,N,Aluno9641,portugues,7.65
2014,A,N,Aluno5116,portugues,7.25
2021,A,N,Aluno5772,matematica,7.79
2019,A,N,Aluno7030,matematica,3.89
2020,A,N,Aluno6282,geografia,6.72
2023,A,N,Aluno3620,portugues,3.24
2010,A,N,Aluno7601,geografia,5.83
2018,A,N,Aluno6682,geografia,6.71
2019,A,N,Aluno6650,geografia,3.27
2019,A,N,Aluno3989,geografia,5.52
2016,A,N,Aluno2736,matematica,0.72
2018,A,N,Aluno3130,matematica,9.62
2010,A,N,Aluno9896,geografia,9.45
2014,A,N,Aluno6381,geografia,1.28
2016,A,N,Aluno2095,portugues,3.95
2013,A,N,Aluno3872,geografia,4.40
2018,A,N,Aluno850,matematica,7.51
2014,A,N,Aluno7042,matematica,9.43
2016,A,N,Aluno2961,geografia,0.59
2021,A,N,Aluno6328,portugues,7.43
2022,A,N,Aluno6491,portugues,3.94
2014,A,N,Aluno1346,geografia,4.00
2021,A,N,Aluno6884,portugues,5.61
2010,A,N,Aluno2628,geografia,9.31
2017,A,N,Aluno2655,portugues,0.49
2013,A,N,Aluno1306,portugues,5.81
2013,A,N,Aluno7442,matematica,2.01
2014,A,N,Aluno3422,matematica,3.53
2020,A,N,Aluno1135,portugues,5.57
2021,A,N,Aluno1294,portugues,9.96
2018,A,N,Aluno5547,portugues,1.34
2010,A,N,Aluno8982,matematica,9.73
2011,A,N,Aluno8246,portugues,9.18
2022,A,N,Aluno3711,portugues,3.49
2023,A,N,Aluno3348,geografia,5.05
2015,A,N,Aluno6263,matematica,1.13
2016,A,N,Aluno62,geografia,7.16
2018,A,N,Aluno6280,geografia,3.74
2022,A,N,Aluno3816,geografia,9.91
2018,A,N,Aluno444,geografia,1.55
2012,A,N,Aluno5153,geografia,0.50
2016,A,N,Aluno98,portugues,0.21
2013,A,N,Aluno2464,matematica,5.10
2023,A,N,Aluno8915,portugues,5.70
2023,A,N,Aluno7190,matematica,8.62
2021,A,N,Aluno5327,geografia,3.00
2013,A,N,Aluno99,portugues,0.93
2015,A,N,Aluno6834,portugues,6.36
2015,A,N,Aluno9315,matematica,2.39
2013,A,N,Aluno5763,geografia,6.05
2021,A,N,Aluno1216,geografia,4.79
2021,A,N,Aluno8093,geografia,1.59
2010,A,N,Aluno2603,matematica,9.53
2016,A,N,Aluno3776,geografia,5.97
2011,A,N,Aluno6525,geografia,3.19
2019,A,N,Aluno6209,portugues,0.38
2016,A,N,Aluno4648,portugues,1.55
2017,A,N,Aluno1529,portugues,7.63
2017,A,N,Aluno8989,geografia,4.92
2014,A,N,Aluno5839,geografia,6.43
2012,A,N,Aluno2245,matematica,9.55
2013,A,N,Aluno5991,geografia,9.32
2014,A,N,Aluno9631,geografia,1.91
2010,A,N,Aluno5133,matematica,4.42
2019,A,N,Aluno8234,geografia,5.75
2015,A,N,Aluno4917,geografia,3.63
2012,A,N,Aluno8886,matematica,8.42
2021,A,N,Aluno4540,matematica,4.92
2023,A,N,Aluno7997,matematica,1.10
2018,A,N,Aluno7452,geografia,3.23
2023,A,N,Aluno7832,geografia,4.23
2011,A,N,Aluno4418,geografia,3.46
2014,A,N,Aluno7759,portugues,2.88
2013,A,N,Aluno9882,geografia,0.47
2020,A,N,Aluno7479,geografia,7.05
2021,A,N,Aluno4448,matematica,1.93
2021,A,N,Aluno4315,matematica,3.85
2023,A,N,Aluno5128,geografia,8.85
2018,A,N,Aluno6135,geografia,1.37
2021,A,N,Aluno9582,geografia,2.11
2015,A,N,Aluno3372,geografia,4.51
2016,A,N,Aluno7714,portugues,4.98
2023,A,N,Aluno4990,portugues,6.71
2018,A,N,Aluno290,portugues,2.16
2021,A,N,Aluno8442,matematica,6.87
2022,A,N,Aluno9367,geografia,1.50
2022,A,N,Aluno516,matematica,4.95
2010,A,N,Aluno6536,geografia,6.87
2018,A,N,Aluno5698,geografia,8.34
2013,A,N,Aluno2172,portugues,0.14
2018,A,N,Aluno8813,matematica,7.83
2020,A,N,Aluno9947,geografia,9.78
2012,A,N,Aluno8561,portugues,2.28
2013,A,N,Aluno8824,portugues,4.41
2016,A,N,Aluno6355,portugues,1.69
2023,A,N,Aluno6860,portugues,6.06
2022,A,N,Aluno2448,geografia,2.05
2022,A,N,Aluno5611,matematica,6.49
2017,A,N,Aluno5805,matematica,2.41
2020,A,N,Aluno1332,portugues,1.69
2017,A,N,Aluno8136,geografia,9.41
2023,A,N,Aluno6354,portugues,2.35
2021,A,N,Aluno8853,geografia,8.74
2021,A,N,Aluno3434,geografia,8.08
2010,A,N,Aluno1531,portugues,8.78
2022,A,N,Aluno581,portugues,10.00
2010,A,N,Aluno7836,geografia,5.87
2016,A,N,Aluno9503,matematica,4.18
2013,A,N,Aluno3200,geografia,4.62
2022,A,N,Aluno2602,portugues,3.68
2023,A,N,Aluno3810,portugues,0.17
2022,A,N,Aluno9784,geografia,6.09
2021,A,N,Aluno7794,geografia,3.37
2019,A,N,Aluno9432,geografia,2.02
2014,A,N,Aluno4993,portugues,3.60
2020,A,N,Aluno349,matematica,3.80
2021,A,N,Aluno9550,geografia,6.24
2012,A,N,Aluno4806,matematica,9.35
2022,A,N,Aluno397,portugues,9.97
2013,A,N,Aluno678,matematica,6.02
2023,A,N,Aluno7078,geografia,6.83
2017,A,N,Aluno6203,portugues,0.80
2012,A,N,Aluno5678,matematica,8.93
2013,A,N,Aluno6530,portugues,9.14
2020,A,N,Aluno1733,matematica,2.31
2016,A,N,Aluno2509,portugues,2.92
2012,A,N,Aluno7078,matematica,7.24
2020,A,N,Aluno5411,geografia,5.10
2012,A,N,Aluno8058,matematica,0.96
2015,A,N,Aluno8208,portugues,3.98
2020,A,N,Aluno4756,geografia,9.68
2012,A,N,Aluno3444,geografia,1.85
2021,A,N,Aluno6632,matematica,3.33
2013,A,N,Aluno9197,matematica,7.15
2013,A,N,Aluno3299,geografia,5.95
2012,A,N,Aluno4184,portugues,7.97
2018,A,N,Aluno507,portugues,5.74
2015,A,N,Aluno1094,portugues,1.27
2012,A,N,Aluno1225,matematica,5.16
2017,A,N,Aluno115,portugues,5.08
2015,A,N,Aluno1862,matematica,3.45
2015,A,N,Aluno198,matematica,3.99
2015,A,N,Aluno7535,geografia,1.88
2013,A,N,Aluno6092,geografia,2.96
2020,A,N,Aluno777,matematica,7.73
2021,A,N,Aluno540,portugues,6.33
2017,A,N,Aluno5839,portugues,9.34
2013,A,N,Aluno1122,matematica,3.66
2012,A,N,Aluno5956,matematica,6.67
2018,A,N,Aluno3695,portugues,1.29
2014,A,N,Aluno858,portugues,5.35
2016,A,N,Aluno5139,geografia,5.56
2018,A,N,Aluno8194,portugues,1.30
2012,A,N,Aluno5839,portugues,6.48
2020,A,N,Aluno8481,portugues,1.95
2021,A,N,Aluno4029,matematica,7.32
2018,A,N,Aluno5151,matematica,0.55
2016,A,N,Aluno2475,portugues,3.14
2023,A,N,Aluno8467,geografia,6.83
2020,A,N,Aluno7106,geografia,9.85
2018,A,N,Aluno5404,geografia,9.22
2019,A,N,Aluno7284,geografia,0.22
2017,A,N,Aluno4986,matematica,5.54
2010,A,N,Aluno763,geografia,4.82
2014,A,N,Aluno8109,matematica,0.93
2022,A,N,Aluno6342,matematica,6.73
2015,A,N,Aluno5031,geografia,0.26
2013,A,N,Aluno7090,portugues,3.16
2022,A,N,Aluno6064,matematica,9.60
2011,A,N,Aluno9526,matematica,7.94
2012,A,N,Aluno4382,portugues,1.36
2011,A,N,Aluno8664,geografia,0.25
2017,A,N,Aluno6729,geografia,4.67
2017,A,N,Aluno1471,geografia,1.01
2010,A,N,Aluno3587,portugues,7.16
2015,A,N,Aluno5050,geografia,2.53
2017,A,N,Aluno4718,portugues,2.67
2016,A,N,Aluno4384,geografia,0.38
2010,A,N,Aluno1582,matematica,3.69
2012,A,N,Aluno224,matematica,3.58
2013,A,N,Aluno5253,portugues,8.29
2015,A,N,Aluno6468,matematica,8.16
2011,A,N,Aluno5018,matematica,5.51
2022,A,N,Aluno2409,matematica,4.59
2012,A,N,Aluno7982,portugues,9.11
2018,A,N,Aluno986,geografia,6.05
2018,A,N,Aluno6879,geografia,2.35
2019,A,N,Aluno1775,geografia,8.68
2020,A,N,Aluno1380,geografia,9.14
2016,A,N,Aluno6450,geografia,8.44
2016,A,N,Aluno3312,geografia,8.81
2020,A,N,Aluno6060,portugues,6.59
2020,A,N,Aluno7423,matematica,4.27
2015,A,N,Aluno8816,portugues,0.47
2019,A,N,Aluno1642,geografia,5.60
2023,A,N,Aluno4442,geografia,2.52
2014,A,N,Aluno5398,matematica,6.78
2012,A,N,Aluno9292,geografia,4.37
2014,A,N,Aluno3729,portugues,9.85
2013,A,N,Aluno6629,portugues,3.31
2018,A,N,Aluno9863,geografia,5.76
2021,A,N,Aluno485,portugues,3.73
2015,A,N,Aluno1695,geografia,1.69
2012,A,N,Aluno2138,geografia,0.75
2020,A,N,Aluno1948,geografia,2.37
2022,A,N,Aluno7076,geografia,6.43
2021,A,N,Aluno2962,portugues,3.09
2023,A,N,Aluno4164,geografia,3.75
2013,A,N,Aluno6425,matematica,2.15
2010,A,N,Aluno4009,portugues,9.84
2023,A,N,Aluno6012,portugues,2.60
2016,A,N,Aluno2330,portugues,3.67
2011,A,N,Aluno5658,geografia,6.44
2013,A,N,Aluno9533,portugues,5.58
2019,A,N,Aluno8704,portugues,9.22
2018,A,N,Aluno3024,portugues,6.69
2023,A,N,Aluno9005,matematica,0.95
2022,A,N,Aluno8441,portugues,3.01
2011,A,N,Aluno4441,geografia,8.74
2016,A,N,Aluno4238,portugues,9.66
2010,A,N,Aluno5121,geografia,3.51
2022,A,N,Aluno3103,geografia,3.96
2015,A,N,Aluno8419,matematica,9.97
2021,A,N,Aluno8487,geografia,1.91
2010,A,N,Aluno5635,portugues,6.85
2018,A,N,Aluno3465,matematica,0.13
2022,A,N,Aluno6957,geografia,4.03
2019,A,N,Aluno3885,geografia,4.30
2010,A,N,Aluno6764,geografia,0.99
2011,A,N,Aluno8007,matematica,6.90
2018,A,N,Aluno7214,matematica,7.53
2012,A,N,Aluno7791,portugues,2.90
2018,A,N,Aluno3183,portugues,9.24
2022,A,N,Aluno7392,portugues,1.93
2023,A,N,Aluno1627,geografia,9.52
2014,A,N,Aluno6722,matematica,9.28
2010,A,N,Aluno7526,matematica,8.25
2011,A,N,Aluno9805,geografia,3.22
2014,A,N,Aluno304,portugues,7.62
2017,A,N,Aluno2111,portugues,4.59
2010,A,N,Aluno6786,geografia,8.46
2012,A,N,Aluno9518,geografia,4.94
2019,A,N,Aluno1138,portugues,0.98
2014,A,N,Aluno4226,geografia,5.49
2021,A,N,Aluno172,portugues,8.45
2022,A,N,Aluno8656,geografia,9.09
2010,A,N,Aluno6243,geografia,6.48
2018,A,N,Aluno2804,geografia,5.12
